{"power^null-hypo#null-hypo": [[0.08912282715116755, 0.006026974873930499], [0.6332021147152075, 0.2716480832596946]], "z-stat^var-sum-uncorrelated^binomial^two-sample^d^d#z-stat^var-sum-uncorrelated^binomial^two-sample^d": [[0.7278945065609806, 0.014990402975650971], [0.07689022604467952, 0.18022486441868873]], "p-value^null-hypo#p-value^aa-test^null-hypo": [[0.07580697232522844, 0.006450956666122555], [0.409991496072105, 0.507750574936544]], "aa-test#p-value^aa-test^null-hypo": [[0.059319876868873245, 0.004672141461422986], [0.3229715986619896, 0.6130363830077142]], "diff-z-t^null-hypo^two-sample^d#null-hypo^two-sample": [[0.11302376942106279, 0.002608998485451798], [0.3610758399375477, 0.5232913921559378]], "var-ax#var-ax^d": [[0.27484792964046234, 0.010389087967567653], [0.36904834907495154, 0.34571463331701857]], "two-sample#z-stat^var-sum-uncorrelated^binomial^two-sample^d": [[0.45525579510121306, 0.02932456493292327], [0.18701754631242348, 0.3284020936534402]], "z-stat#var-sum-uncorrelated^z-stat": [[0.010030248171725887, 0.0002312816794161349], [0.19780082937040594, 0.7919376407784521]], "two-sample#null-hypo^two-sample": [[0.22881568750873002, 0.015109292625265265], [0.4012294624551977, 0.35484555741080703]], "t-stat#var-ax^sample-std^t-stat": [[0.18645285772979334, 0.01015513658717632], [0.5924063031878222, 0.21098570249520823]], "two-sample^null-hypo#p-value^two-sample^null-hypo^d": [[0.08906586638012164, 0.006138245064329213], [0.469908553280432, 0.43488733527511714]], "var-ax^stat-signif^data-snoop^d^d^d#var-ax^d": [[0.12718828828464063, 0.004143885474515473], [0.3234734183741295, 0.5451944078667144]], "var-ax^var-sum-uncorrelated^se#se": [[0.0879535113777877, 0.005995014934257311], [0.14928283203165615, 0.7567686416562988]], "sensitivity^size-multi-treatment^se^two-sample^d^d^d#sensitivity": [[0.6539792368971495, 0.00027684329686033897], [0.29779031471109396, 0.04795360509489611]], "var-ax^var-sum-uncorrelated#var-ax^var-sum-uncorrelated^se": [[0.03970625705174868, 0.0003974768837947667], [0.5444019074136563, 0.41549435865080014]], "p-value^null-hypo#null-hypo": [[0.18700168599438216, 0.0013767750273112568], [0.4476779496739982, 0.36394358930430837]], "var-ax^var-sum-uncorrelated#var-sum-uncorrelated": [[0.5052354910842353, 0.010891031616387842], [0.24431116383529874, 0.23956231346407814]], "var-sum-uncorrelated^z-stat#var-sum-uncorrelated^z-stat^null-hypo^d^d": [[0.6271791863915327, 0.0031824497831247607], [0.23735064941824408, 0.13228771440709838]], "t-stat#var-sum-uncorrelated^t-stat^d": [[0.24219767246673332, 0.009144899171017807], [0.617069222298371, 0.13158820606387797]], "two-sample#sensitivity^size-multi-treatment^se^two-sample^d^d^d": [[0.5336274453554013, 0.001695244075074038], [0.11947649506409674, 0.3452008155054279]], "null-hypo#var-sum-uncorrelated^z-stat^null-hypo^d^d": [[0.07477497407645593, 0.006581130837493879], [0.7816516101635433, 0.1369922849225067]], "null-hypo#null-hypo^two-sample": [[0.3613338545357274, 0.03032288622744869], [0.13483286711618173, 0.4735103921206421]], "clt^var-ax^z-stat#z-stat": [[0.1219893088172263, 0.0020742274537231334], [0.3436831646047168, 0.5322532991243338]], "var-ax^sample-std^t-stat#var-ax": [[0.32420105698335244, 0.030357656902668097], [0.23488102522673615, 0.4105602608872434]], "clt^var-ax^z-stat#var-ax": [[0.10061107663765319, 0.0006506840079402508], [0.6510637511559684, 0.24767448819843838]], "oec#oec^exp-metric^d^d": [[0.12410124448926595, 0.002792954412853867], [0.529748834706305, 0.3433569663915752]], "exp-comparable^d#exp-comparable^d^d": [[0.4467851955431191, 0.006410924254429651], [0.323465454492499, 0.2233384257099524]], "sensitivity^sample-size^d^d^d#sensitivity": [[0.40533647893655234, 0.006944758790659111], [0.2340809989382097, 0.3536377633345788]], "var-sum-uncorrelated^q-table^z-stat^d^d#var-sum-uncorrelated^z-stat": [[0.35844124652486437, 0.025109231525802106], [0.16374769762606453, 0.4527018243232689]], "p-value^null-hypo#p-value^two-sample^null-hypo^d": [[0.06258974799514297, 0.003026749660398286], [0.7988263676928674, 0.1355571346515914]], "var-sum-uncorrelated^t-stat^d#var-sum-uncorrelated": [[0.3988581786922377, 0.005559223480547143], [0.19697801533979023, 0.3986045824874249]], "var-sum-uncorrelated^z-stat#var-sum-uncorrelated": [[0.3463942086543476, 0.015095345668446758], [0.38551459925566833, 0.2529958464215372]], "var-sum-uncorrelated^z-stat#z-stat^var-sum-uncorrelated^binomial^two-sample^d": [[0.32487575793432827, 0.005868948732976647], [0.5361151464527611, 0.13314014687993397]], "var-ax^var-sum-uncorrelated#var-ax": [[0.14229521418891103, 0.0065126584223014605], [0.4084841766172113, 0.44270795077157615]], "null-hypo#conf-level^null-hypo": [[0.028445427729343, 0.0011807731099913706], [0.6628688824830905, 0.307504916677575]], "diff-z-t^null-hypo^two-sample^d^d#diff-z-t^two-sample^null-hypo^d": [[0.30204664018244426, 0.016293800296312062], [0.26810484861126876, 0.41355471090997487]], "se#sensitivity^size-multi-treatment^se^two-sample^d^d^d": [[0.11415010216266742, 0.0031366222774636622], [0.5085870015126736, 0.37412627404719523]]}